filename,width,height,class,xmin,ymin,xmax,ymax
562.jpg,600,356,Adult/Middle aged,42,4,282,329
489.jpg,533,400,Adult/Middle aged,253,11,431,254
217.jpg,411,400,Adult/Middle aged,129,19,330,301
471.jpg,267,400,Adult/Middle aged,124,44,190,152
467.jpg,564,400,Adult/Middle aged,85,88,193,197
587.jpg,400,400,Adult/Middle aged,154,27,268,158
455.jpg,266,400,Adult/Middle aged,52,15,199,235
124.jpg,600,400,Adult/Middle aged,166,6,472,332
047.jpg,400,400,Adult/Middle aged,119,33,311,225
618.jpg,267,400,Senior Citizen,91,185,171,262
077.jpg,436,400,Adult/Middle aged,150,19,366,318
547.jpg,600,400,Adult/Middle aged,162,74,246,181
511.jpg,400,400,Adult/Middle aged,158,9,248,107
397.jpg,600,338,Adult/Middle aged,250,24,350,137
418.jpg,267,400,Adult/Middle aged,87,25,171,145
581.jpg,400,400,Adult/Middle aged,98,14,293,229
287.jpg,320,400,Adult/Middle aged,86,22,236,241
518.jpg,600,338,Senior Citizen,235,10,473,261
185.jpg,388,400,Adult/Middle aged,23,19,355,400
560.jpg,593,400,Senior Citizen,120,4,427,299
543.jpg,600,338,Adult/Middle aged,246,9,395,155
189.jpg,600,375,Adult/Middle aged,34,31,251,354
189.jpg,600,375,Adult/Middle aged,347,24,577,338
206.jpg,320,400,Adult/Middle aged,151,9,206,102
449.jpg,600,400,Adult/Middle aged,61,62,261,328
059.jpg,267,400,Adult/Middle aged,29,81,230,378
012.jpg,263,400,Senior Citizen,114,7,202,106
293.jpg,386,400,Adult/Middle aged,68,33,319,381
630.jpg,533,400,Adult/Middle aged,323,127,385,185
475.jpg,599,400,Adult/Middle aged,354,69,429,156
617.jpg,600,300,Adult/Middle aged,202,13,375,225
168.jpg,600,338,Senior Citizen,69,5,507,324
301.jpg,544,400,Senior Citizen,282,127,364,227
040.jpg,600,394,Adult/Middle aged,264,24,447,207
567.jpg,600,374,Adult/Middle aged,151,1,449,367
114.jpg,600,400,Senior Citizen,217,28,421,308
053.jpg,266,400,Senior Citizen,15,5,251,320
491.jpg,600,400,Senior Citizen,131,30,372,343
486.jpg,600,400,Adult/Middle aged,272,10,359,127
072.jpg,600,344,Adult/Middle aged,16,13,275,333
072.jpg,600,344,Adult/Middle aged,326,19,594,339
173.jpg,292,400,Senior Citizen,68,45,217,227
060.jpg,400,400,Senior Citizen,109,53,306,319
377.jpg,400,400,Adult/Middle aged,99,20,173,136
377.jpg,400,400,Adult/Middle aged,303,53,353,121
023.jpg,400,400,Senior Citizen,42,20,303,329
373.jpg,333,400,Adult/Middle aged,121,24,217,102
326.jpg,600,338,Adult/Middle aged,236,20,392,145
280.jpg,600,340,Adult/Middle aged,81,3,256,255
347.jpg,600,338,Adult/Middle aged,102,19,207,119
347.jpg,600,338,Adult/Middle aged,369,12,509,134
550.jpg,321,400,Adult/Middle aged,81,5,213,159
022.jpg,266,400,Senior Citizen,22,17,245,329
622.jpg,319,400,Adult/Middle aged,88,8,187,110
230.jpg,600,325,Adult/Middle aged,311,161,437,316
148.jpg,600,336,Adult/Middle aged,141,32,387,311
028.jpg,584,400,Senior Citizen,216,80,448,358
544.jpg,284,400,Adult/Middle aged,67,43,221,240
635.jpg,600,339,Adult/Middle aged,294,1,514,278
056.jpg,310,400,Senior Citizen,18,1,310,291
388.jpg,400,400,Adult/Middle aged,143,29,277,217
545.jpg,279,400,Adult/Middle aged,83,17,279,292
058.jpg,267,400,Senior Citizen,15,17,263,368
035.jpg,300,400,Senior Citizen,32,196,122,286
229.jpg,400,400,Adult/Middle aged,112,24,316,280
113.jpg,332,400,Senior Citizen,50,36,245,326
088.jpg,267,400,Senior Citizen,32,2,257,309
187.jpg,600,319,Adult/Middle aged,229,11,382,213
414.jpg,274,400,Adult/Middle aged,70,13,211,198
363.jpg,600,304,Adult/Middle aged,154,2,362,275
271.jpg,600,400,Adult/Middle aged,267,60,468,293
083.jpg,400,400,Senior Citizen,37,5,361,375
364.jpg,600,396,Adult/Middle aged,53,19,247,311
364.jpg,600,396,Adult/Middle aged,348,14,553,304
386.jpg,326,400,Adult/Middle aged,58,16,284,267
533.jpg,600,336,Adult/Middle aged,178,19,413,294
242.jpg,599,400,Adult/Middle aged,5,9,366,258
493.jpg,416,400,Adult/Middle aged,86,6,324,316
131.jpg,600,320,Senior Citizen,232,42,459,232
583.jpg,570,400,Adult/Middle aged,86,85,227,250
232.jpg,300,400,Senior Citizen,91,7,164,102
158.jpg,267,400,Adult/Middle aged,124,85,177,169
118.jpg,294,400,Adult/Middle aged,53,25,216,244
123.jpg,600,400,Senior Citizen,291,21,506,272
431.jpg,287,400,Adult/Middle aged,49,2,241,332
041.jpg,600,338,Senior Citizen,242,15,519,292
038.jpg,274,400,Senior Citizen,4,85,258,327
132.jpg,332,400,Adult/Middle aged,133,22,275,241
188.jpg,366,400,Adult/Middle aged,165,13,323,210
385.jpg,600,330,Adult/Middle aged,96,3,251,183
385.jpg,600,330,Adult/Middle aged,406,7,520,123
521.jpg,543,400,Adult/Middle aged,208,23,301,153
330.jpg,250,400,Adult/Middle aged,97,15,152,78
407.jpg,265,400,Adult/Middle aged,51,17,194,243
437.jpg,600,400,Adult/Middle aged,154,21,457,321
260.jpg,482,400,Senior Citizen,56,26,169,151
382.jpg,600,394,Adult/Middle aged,26,46,126,173
382.jpg,600,394,Adult/Middle aged,366,35,459,147
461.jpg,289,400,Adult/Middle aged,52,19,184,175
576.jpg,297,400,Adult/Middle aged,69,46,196,220
001.jpg,600,400,Senior Citizen,330,43,516,251
089.jpg,317,400,Senior Citizen,53,23,272,257
089.jpg,317,400,Senior Citizen,27,251,73,317
089.jpg,317,400,Adult/Middle aged,244,266,296,337
495.jpg,600,375,Adult/Middle aged,128,10,344,256
299.jpg,269,400,Adult/Middle aged,117,48,156,99
014.jpg,600,338,Senior Citizen,19,2,351,296
588.jpg,536,400,Adult/Middle aged,297,25,389,140
021.jpg,265,400,Senior Citizen,6,26,242,328
133.jpg,305,400,Adult/Middle aged,114,38,201,141
628.jpg,600,338,Adult/Middle aged,196,13,407,272
311.jpg,349,400,Adult/Middle aged,11,11,304,383
300.jpg,563,400,Senior Citizen,88,2,342,301
138.jpg,315,400,Senior Citizen,56,54,280,315
519.jpg,519,400,Adult/Middle aged,328,78,426,185
285.jpg,539,400,Senior Citizen,96,72,178,199
608.jpg,400,400,Adult/Middle aged,67,21,295,348
013.jpg,332,400,Senior Citizen,51,1,263,299
593.jpg,599,400,Adult/Middle aged,170,84,245,186
306.jpg,267,400,Senior Citizen,122,30,170,81
139.jpg,397,400,Senior Citizen,122,17,309,272
434.jpg,267,400,Adult/Middle aged,76,17,252,321
037.jpg,238,400,Adult/Middle aged,12,67,227,282
345.jpg,267,400,Adult/Middle aged,37,8,225,259
391.jpg,320,400,Adult/Middle aged,64,15,298,377
360.jpg,274,400,Adult/Middle aged,67,59,211,219
314.jpg,267,400,Adult/Middle aged,49,2,202,198
190.jpg,267,400,Senior Citizen,100,73,196,235
288.jpg,267,400,Adult/Middle aged,107,15,178,101
334.jpg,505,400,Adult/Middle aged,212,34,428,285
057.jpg,254,400,Senior Citizen,65,28,222,294
481.jpg,251,400,Adult/Middle aged,5,9,144,174
409.jpg,600,338,Adult/Middle aged,8,7,168,208
409.jpg,600,338,Adult/Middle aged,196,7,399,210
409.jpg,600,338,Adult/Middle aged,421,4,599,207
043.jpg,400,400,Senior Citizen,187,23,242,78
394.jpg,294,400,Adult/Middle aged,80,27,218,207
466.jpg,561,400,Adult/Middle aged,178,41,272,169
183.jpg,543,400,Senior Citizen,230,44,327,174
342.jpg,600,319,Adult/Middle aged,176,1,344,200
228.jpg,539,400,Senior Citizen,298,68,407,209
228.jpg,539,400,Adult/Middle aged,117,65,227,189
555.jpg,302,400,Adult/Middle aged,49,4,278,196
029.jpg,350,400,Senior Citizen,86,22,313,323
052.jpg,320,400,Senior Citizen,118,110,226,218
412.jpg,533,400,Adult/Middle aged,141,9,383,319
203.jpg,278,400,Adult/Middle aged,64,132,211,251
404.jpg,328,400,Adult/Middle aged,126,12,218,136
018.jpg,263,400,Adult/Middle aged ,34,10,227,305
405.jpg,271,400,Adult/Middle aged,123,20,197,105
039.jpg,600,400,Senior Citizen,220,5,566,351
516.jpg,316,400,Adult/Middle aged,114,39,230,191
458.jpg,249,400,Adult/Middle aged,77,56,178,214
589.jpg,300,400,Adult/Middle aged,69,20,274,284
443.jpg,600,400,Adult/Middle aged,162,17,426,320
420.jpg,266,400,Adult/Middle aged,54,33,235,283
157.jpg,400,400,Adult/Middle aged,158,10,261,102
130.jpg,249,400,Adult/Middle aged,64,29,236,291
392.jpg,600,338,Adult/Middle aged,106,4,201,71
392.jpg,600,338,Adult/Middle aged,429,20,534,126
147.jpg,400,400,Adult/Middle aged,29,7,371,370
445.jpg,488,400,Adult/Middle aged,128,43,234,162
508.jpg,400,400,Adult/Middle aged,161,15,271,138
290.jpg,291,400,Adult/Middle aged,57,15,216,243
243.jpg,266,400,Senior Citizen,56,98,205,211
417.jpg,210,400,Adult/Middle aged,35,20,179,230
065.jpg,400,400,Senior Citizen,43,136,346,325
020.jpg,600,400,Senior Citizen,221,45,476,353
476.jpg,267,400,Adult/Middle aged,8,5,267,330
078.jpg,600,399,Senior Citizen,170,18,420,344
324.jpg,369,400,Adult/Middle aged,88,20,313,322
042.jpg,310,400,Senior Citizen,89,1,310,365
487.jpg,564,400,Adult/Middle aged,357,71,451,191
517.jpg,308,400,Adult/Middle aged,60,10,273,288
237.jpg,500,400,Adult/Middle aged,217,23,281,98
327.jpg,600,332,Adult/Middle aged,185,10,251,83
327.jpg,600,332,Senior Citizen,345,7,418,83
081.jpg,600,399,Senior Citizen,199,18,397,340
509.jpg,600,323,Adult/Middle aged,118,2,431,307
512.jpg,337,400,Adult/Middle aged,144,14,203,83
520.jpg,600,338,Adult/Middle aged,221,2,353,211
175.jpg,285,400,Adult/Middle aged,49,12,185,176
354.jpg,300,400,Adult/Middle aged,81,30,217,234
180.jpg,600,338,Adult/Middle aged,259,22,383,185
126.jpg,267,400,Senior Citizen,33,10,264,356
234.jpg,250,400,Senior Citizen,79,33,178,206
143.jpg,321,400,Adult/Middle aged,145,20,249,156
556.jpg,600,337,Adult/Middle aged,219,37,407,260
338.jpg,505,400,Adult/Middle aged,218,28,434,293
127.jpg,600,338,Senior Citizen,195,9,507,290
585.jpg,266,400,Adult/Middle aged,7,12,170,168
097.jpg,533,400,Senior Citizen,170,11,477,344
004.jpg,320,400,Senior Citizen,14,9,294,342
526.jpg,600,374,Adult/Middle aged,147,19,432,342
573.jpg,267,400,Adult/Middle aged,39,7,249,287
291.jpg,600,360,Adult/Middle aged,207,25,329,178
009.jpg,600,338,Senior Citizen,166,1,504,297
597.jpg,599,400,Adult/Middle aged,323,55,362,106
281.jpg,563,400,Senior Citizen,174,2,543,339
456.jpg,267,400,Adult/Middle aged,60,130,191,244
366.jpg,392,400,Adult/Middle aged,99,10,160,131
366.jpg,392,400,Adult/Middle aged,244,28,308,123
135.jpg,563,400,Adult/Middle aged,263,35,446,254
568.jpg,600,343,Senior Citizen,312,50,418,163
368.jpg,600,369,Adult/Middle aged,77,75,252,255
368.jpg,600,369,Adult/Middle aged,348,52,529,278
134.jpg,291,400,Senior Citizen,30,39,232,327
400.jpg,333,400,Adult/Middle aged,88,15,167,120
054.jpg,600,338,Senior Citizen,234,4,538,289
580.jpg,267,400,Adult/Middle aged,83,22,185,175
297.jpg,599,400,Adult/Middle aged,118,39,242,268
549.jpg,266,400,Adult/Middle aged,63,38,200,195
066.jpg,458,400,Senior Citizen,30,4,406,364
120.jpg,320,400,Senior Citizen,76,98,269,359
166.jpg,577,400,Adult/Middle aged,155,7,396,288
446.jpg,563,400,Adult/Middle aged,303,27,482,241
433.jpg,584,400,Adult/Middle aged,112,27,251,162
212.jpg,268,400,Senior Citizen,46,23,237,284
335.jpg,267,400,Adult/Middle aged,100,22,178,110
359.jpg,400,400,Adult/Middle aged,171,22,275,153
171.jpg,533,400,Adult/Middle aged,210,17,406,242
275.jpg,400,400,Senior Citizen,204,91,268,178
447.jpg,335,400,Adult/Middle aged,76,15,291,310
116.jpg,557,400,Senior Citizen,207,16,403,247
289.jpg,400,400,Senior Citizen,91,35,308,318
214.jpg,267,400,Senior Citizen,66,49,220,212
067.jpg,267,400,Senior Citizen,108,20,160,84
067.jpg,267,400,Adult/Middle aged,25,65,56,107
438.jpg,267,400,Adult/Middle aged,50,115,178,258
408.jpg,600,399,Adult/Middle aged,182,18,418,311
225.jpg,261,400,Adult/Middle aged,74,25,186,185
570.jpg,400,400,Adult/Middle aged,119,28,247,203
153.jpg,360,400,Adult/Middle aged,49,22,320,389
146.jpg,600,338,Adult/Middle aged,386,125,502,254
146.jpg,600,338,Adult/Middle aged,137,114,255,255
494.jpg,600,337,Senior Citizen,276,7,401,187
558.jpg,600,400,Adult/Middle aged,300,97,334,146
318.jpg,533,400,Senior Citizen,204,114,404,289
515.jpg,600,300,Adult/Middle aged,121,1,394,289
428.jpg,285,400,Adult/Middle aged,14,17,248,291
440.jpg,600,399,Adult/Middle aged,174,5,553,399
176.jpg,563,400,Adult/Middle aged,295,44,484,264
197.jpg,600,375,Adult/Middle aged,140,19,410,361
219.jpg,322,400,Adult/Middle aged,116,1,219,118
474.jpg,563,400,Adult/Middle aged,343,73,446,172
024.jpg,267,400,Senior Citizen,39,119,204,304
236.jpg,533,400,Senior Citizen,241,42,424,288
309.jpg,482,400,Senior Citizen,124,21,241,155
463.jpg,600,375,Adult/Middle aged,199,5,369,231
031.jpg,283,400,Senior Citizen,37,19,244,290
274.jpg,267,400,Senior Citizen,58,34,186,191
222.jpg,316,400,Senior Citizen,50,117,287,354
080.jpg,330,400,Adult/Middle aged,44,7,315,357
045.jpg,267,400,Senior Citizen,20,29,267,381
492.jpg,599,400,Adult/Middle aged,165,58,256,187
370.jpg,402,400,Adult/Middle aged,132,19,398,357
241.jpg,267,400,Senior Citizen,40,27,252,322
553.jpg,400,400,Adult/Middle aged,166,6,256,110
233.jpg,266,400,Adult/Middle aged,86,74,216,211
546.jpg,456,400,Adult/Middle aged,202,25,368,269
025.jpg,300,400,Senior Citizen,40,57,219,292
459.jpg,599,400,Adult/Middle aged,332,37,425,187
389.jpg,269,400,Adult/Middle aged,55,41,211,238
191.jpg,267,400,Senior Citizen,118,120,178,215
615.jpg,600,389,Adult/Middle aged,276,34,371,133
579.jpg,300,400,Adult/Middle aged,42,11,293,298
452.jpg,422,400,Adult/Middle aged,107,36,280,306
578.jpg,569,400,Senior Citizen,224,23,328,141
272.jpg,600,338,Adult/Middle aged,251,15,466,239
269.jpg,600,338,Adult/Middle aged,99,3,417,329
557.jpg,412,400,Adult/Middle aged,60,81,346,385
540.jpg,270,400,Adult/Middle aged,110,70,212,194
316.jpg,400,400,Adult/Middle aged,128,36,272,230
141.jpg,400,400,Senior Citizen,95,42,315,328
091.jpg,266,400,Senior Citizen,19,3,259,385
044.jpg,254,400,Senior Citizen,57,22,237,267
204.jpg,534,400,Senior Citizen,226,38,315,159
226.jpg,400,400,Senior Citizen,142,107,208,192
510.jpg,249,400,Adult/Middle aged,120,20,212,152
634.jpg,429,400,Senior Citizen,85,5,332,304
429.jpg,267,400,Adult/Middle aged,85,27,208,143
552.jpg,346,400,Adult/Middle aged,53,62,299,346
046.jpg,267,400,Adult/Middle aged,26,26,255,381
490.jpg,600,338,Adult/Middle aged,114,19,262,262
490.jpg,600,338,Adult/Middle aged,362,6,576,279
554.jpg,198,400,Adult/Middle aged,18,33,166,234
240.jpg,600,343,Adult/Middle aged,73,5,520,343
331.jpg,267,400,Adult/Middle aged,91,54,166,165
036.jpg,567,400,Senior Citizen,128,7,476,355
571.jpg,533,400,Adult/Middle aged,185,14,407,318
250.jpg,600,317,Senior Citizen,171,10,293,163
154.jpg,582,400,Senior Citizen,169,16,279,144
122.jpg,600,400,Adult/Middle aged,259,16,534,355
381.jpg,400,400,Adult/Middle aged,106,30,304,311
598.jpg,600,338,Adult/Middle aged,294,14,514,284
430.jpg,275,400,Adult/Middle aged,67,55,102,99
430.jpg,275,400,Adult/Middle aged,179,74,212,106
312.jpg,267,400,Adult/Middle aged,133,64,202,153
424.jpg,533,400,Adult/Middle aged,98,50,192,150
424.jpg,533,400,Adult/Middle aged,388,48,469,148
167.jpg,536,400,Senior Citizen,84,43,268,310
620.jpg,600,400,Adult/Middle aged,156,63,227,155
435.jpg,600,338,Adult/Middle aged,152,5,431,317
383.jpg,600,400,Adult/Middle aged,114,35,223,151
383.jpg,600,400,Adult/Middle aged,343,11,484,176
172.jpg,320,400,Adult/Middle aged,128,17,227,127
633.jpg,600,400,Adult/Middle aged,315,47,417,162
379.jpg,284,400,Adult/Middle aged,18,14,176,222
193.jpg,266,400,Senior Citizen,66,97,208,267
252.jpg,600,337,Adult/Middle aged,87,19,277,264
252.jpg,600,337,Senior Citizen,341,25,506,240
106.jpg,283,400,Adult/Middle aged,23,15,263,382
221.jpg,600,338,Senior Citizen,340,24,532,260
221.jpg,600,338,Adult/Middle aged,45,46,248,297
255.jpg,600,338,Senior Citizen,156,17,374,294
070.jpg,400,400,Senior Citizen,62,63,266,286
356.jpg,324,400,Adult/Middle aged,26,23,268,293
150.jpg,560,400,Senior Citizen,202,148,379,344
030.jpg,313,400,Senior Citizen,32,32,277,369
079.jpg,486,400,Senior Citizen,140,35,333,302
129.jpg,300,400,Senior Citizen,51,26,212,231
479.jpg,600,338,Adult/Middle aged,150,24,357,264
378.jpg,294,400,Adult/Middle aged,32,12,260,352
292.jpg,344,400,Adult/Middle aged,17,4,322,351
501.jpg,543,400,Adult/Middle aged,307,137,364,215
426.jpg,290,400,Adult/Middle aged,93,17,185,124
480.jpg,534,400,Adult/Middle aged,214,14,303,146
182.jpg,268,400,Senior Citizen,35,47,202,272
159.jpg,267,400,Senior Citizen,71,122,250,331
604.jpg,292,400,Adult/Middle aged,18,19,257,315
416.jpg,345,400,Adult/Middle aged,71,30,254,190
614.jpg,305,400,Adult/Middle aged,149,7,271,157
610.jpg,600,375,Senior Citizen,229,14,420,297
249.jpg,266,400,Senior Citizen,42,71,197,283
027.jpg,600,400,Senior Citizen,196,17,392,280
601.jpg,533,400,Adult/Middle aged,228,10,345,157
421.jpg,306,400,Adult/Middle aged,56,24,229,296
329.jpg,267,400,Adult/Middle aged,57,28,248,240
536.jpg,402,400,Adult/Middle aged,133,14,351,323
469.jpg,600,300,Adult/Middle aged,119,15,243,141
340.jpg,210,400,Adult/Middle aged,13,18,192,278
468.jpg,600,400,Adult/Middle aged,234,15,436,280
163.jpg,444,400,Senior Citizen,43,7,391,341
374.jpg,534,400,Adult/Middle aged,193,17,370,289
216.jpg,457,400,Adult/Middle aged,16,6,121,168
216.jpg,457,400,Adult/Middle aged,170,10,293,170
216.jpg,457,400,Adult/Middle aged,317,6,447,143
216.jpg,457,400,Adult/Middle aged,7,211,134,373
216.jpg,457,400,Adult/Middle aged,163,210,292,383
216.jpg,457,400,Adult/Middle aged,322,218,445,371
539.jpg,600,361,Adult/Middle aged,206,31,384,215
205.jpg,504,400,Adult/Middle aged,116,27,270,180
246.jpg,600,399,Senior Citizen,285,31,537,356
362.jpg,600,338,Adult/Middle aged,189,14,329,169
624.jpg,600,338,Adult/Middle aged,191,34,326,200
425.jpg,267,400,Adult/Middle aged,31,10,237,264
333.jpg,600,400,Adult/Middle aged,198,45,319,214
333.jpg,600,400,Adult/Middle aged,100,76,164,172
333.jpg,600,400,Adult/Middle aged,369,95,446,212
333.jpg,600,400,Adult/Middle aged,467,88,516,150
535.jpg,267,400,Adult/Middle aged,60,44,189,206
303.jpg,600,400,Senior Citizen,114,11,369,321
376.jpg,400,400,Adult/Middle aged,117,18,274,256
344.jpg,600,338,Adult/Middle aged,267,4,361,84
465.jpg,600,400,Adult/Middle aged,127,67,236,158
361.jpg,534,400,Adult/Middle aged,203,36,376,320
390.jpg,251,400,Adult/Middle aged,110,40,192,157
528.jpg,600,251,Adult/Middle aged,269,3,385,160
108.jpg,374,400,Senior Citizen,51,69,348,331
010.jpg,325,400,Senior Citizen,45,36,222,290
145.jpg,568,400,Adult/Middle aged,161,18,407,358
033.jpg,600,338,Senior Citizen,232,6,504,305
151.jpg,267,400,Senior Citizen,46,40,223,346
591.jpg,600,338,Adult/Middle aged,234,15,381,206
198.jpg,299,400,Adult/Middle aged,55,49,221,250
470.jpg,599,400,Adult/Middle aged,226,18,302,137
470.jpg,599,400,Adult/Middle aged,379,168,457,259
616.jpg,400,400,Adult/Middle aged,152,124,270,291
111.jpg,301,400,Senior Citizen,59,103,270,390
500.jpg,569,400,Senior Citizen,214,13,386,272
011.jpg,321,400,Senior Citizen,51,45,284,286
422.jpg,533,400,Adult/Middle aged,129,19,389,363
136.jpg,536,400,Adult/Middle aged,134,20,404,299
178.jpg,269,400,Adult/Middle aged,121,19,206,122
220.jpg,267,400,Senior Citizen,44,39,252,304
336.jpg,316,400,Adult/Middle aged,49,9,287,301
007.jpg,337,400,Senior Citizen,85,24,272,220
239.jpg,267,400,Adult/Middle aged,97,17,215,193
626.jpg,333,400,Adult/Middle aged,20,27,315,400
313.jpg,267,400,Adult/Middle aged,92,73,169,170
328.jpg,533,400,Adult/Middle aged,209,19,333,198
607.jpg,266,400,Adult/Middle aged,95,28,147,85
109.jpg,267,400,Senior Citizen,51,46,208,280
273.jpg,600,400,Senior Citizen,178,37,363,278
283.jpg,600,397,Senior Citizen,309,49,458,270
605.jpg,225,400,Adult/Middle aged,101,108,160,178
531.jpg,267,400,Adult/Middle aged,130,64,200,156
423.jpg,600,338,Adult/Middle aged,204,10,423,308
090.jpg,600,400,Adult/Middle aged,167,1,487,381
621.jpg,600,338,Adult/Middle aged,231,9,381,224
192.jpg,533,400,Adult/Middle aged,125,31,312,249
457.jpg,333,400,Adult/Middle aged,38,33,188,222
019.jpg,332,400,Senior Citizen,61,1,261,307
623.jpg,400,400,Adult/Middle aged,139,205,240,353
224.jpg,267,400,Senior Citizen,75,32,160,117
304.jpg,377,400,Adult/Middle aged,174,46,232,125
341.jpg,285,400,Adult/Middle aged,90,27,179,119
482.jpg,600,375,Adult/Middle aged,213,9,400,249
488.jpg,267,400,Adult/Middle aged,67,40,192,203
448.jpg,311,400,Adult/Middle aged,85,15,189,150
611.jpg,599,400,Adult/Middle aged,221,1,416,292
321.jpg,279,400,Adult/Middle aged,6,14,263,348
453.jpg,600,398,Adult/Middle aged,215,10,409,320
603.jpg,600,338,Senior Citizen,172,22,394,292
602.jpg,600,331,Adult/Middle aged,58,8,130,79
602.jpg,600,331,Adult/Middle aged,250,2,342,88
602.jpg,600,331,Adult/Middle aged,462,18,569,112
140.jpg,495,400,Senior Citizen,154,31,330,270
165.jpg,400,400,Adult/Middle aged,67,24,344,390
504.jpg,600,400,Adult/Middle aged,222,45,351,235
575.jpg,600,300,Adult/Middle aged,335,11,487,246
174.jpg,267,400,Adult/Middle aged,42,20,200,225
213.jpg,266,400,Senior Citizen,16,77,237,346
082.jpg,486,400,Senior Citizen,121,6,340,296
355.jpg,600,300,Adult/Middle aged,121,22,347,238
278.jpg,400,400,Adult/Middle aged,162,13,238,127
353.jpg,553,400,Adult/Middle aged,26,31,255,365
353.jpg,553,400,Adult/Middle aged,295,27,529,365
308.jpg,333,400,Senior Citizen,96,33,254,252
026.jpg,300,400,Senior Citizen,23,63,272,340
507.jpg,552,400,Adult/Middle aged,139,6,321,196
346.jpg,317,400,Adult/Middle aged,51,14,253,277
119.jpg,301,400,Senior Citizen,78,110,245,369
485.jpg,275,400,Adult/Middle aged,83,16,184,139
061.jpg,266,400,Senior Citizen,38,17,233,326
196.jpg,300,400,Adult/Middle aged,98,83,200,223
561.jpg,600,337,Adult/Middle aged,126,3,395,283
582.jpg,267,400,Adult/Middle aged,110,36,161,94
244.jpg,267,400,Adult/Middle aged,63,48,168,162
402.jpg,600,400,Adult/Middle aged,51,17,257,306
402.jpg,600,400,Adult/Middle aged,339,21,562,320
051.jpg,300,400,Senior Citizen,17,19,288,290
317.jpg,600,329,Adult/Middle aged,204,37,294,151
442.jpg,320,400,Adult/Middle aged,79,29,267,292
527.jpg,598,400,Adult/Middle aged,294,15,443,242
211.jpg,294,400,Adult/Middle aged,62,104,187,262
629.jpg,600,398,Adult/Middle aged,44,3,552,390
559.jpg,210,400,Adult/Middle aged,11,15,210,325
202.jpg,343,400,Adult/Middle aged,119,33,233,188
594.jpg,321,400,Adult/Middle aged,96,23,216,160
454.jpg,536,400,Adult/Middle aged,201,21,311,151
352.jpg,400,400,Adult/Middle aged,85,56,238,284
270.jpg,326,400,Adult/Middle aged,62,30,269,319
075.jpg,529,400,Senior Citizen,122,3,448,394
497.jpg,400,400,Adult/Middle aged,171,29,315,223
542.jpg,600,400,Senior Citizen,252,68,552,360
415.jpg,267,400,Adult/Middle aged,45,58,105,163
085.jpg,500,400,Senior Citizen,172,4,425,311
087.jpg,300,400,Senior Citizen,36,44,274,346
248.jpg,600,397,Senior Citizen,193,55,318,242
170.jpg,538,400,Adult/Middle aged,101,77,283,280
551.jpg,299,400,Adult/Middle aged,73,14,196,173
464.jpg,569,400,Adult/Middle aged,180,44,419,300
532.jpg,600,400,Adult/Middle aged,144,68,247,183
086.jpg,266,400,Senior Citizen,36,1,252,280
502.jpg,600,338,Adult/Middle aged,306,4,476,254
625.jpg,267,400,Adult/Middle aged,149,74,180,129
320.jpg,310,400,Adult/Middle aged,93,30,232,246
590.jpg,600,300,Adult/Middle aged,269,18,339,120
227.jpg,599,400,Senior Citizen,288,25,486,274
177.jpg,600,338,Adult/Middle aged,251,10,363,164
525.jpg,296,400,Adult/Middle aged,52,44,257,336
069.jpg,600,338,Senior Citizen,66,21,560,237
015.jpg,265,400,Senior Citizen,24,28,221,318
144.jpg,325,400,Adult/Middle aged,170,26,233,104
208.jpg,563,400,Adult/Middle aged,329,32,514,256
564.jpg,533,400,Adult/Middle aged,208,56,378,190
472.jpg,293,400,Adult/Middle aged,119,19,243,174
142.jpg,266,400,Adult/Middle aged,95,27,197,159
266.jpg,600,397,Senior Citizen,203,50,332,239
016.jpg,329,400,Senior Citizen,32,67,265,275
365.jpg,314,400,Adult/Middle aged,24,12,281,343
253.jpg,304,400,Senior Citizen,90,74,206,194
034.jpg,600,399,Senior Citizen,233,16,565,348
332.jpg,600,338,Adult/Middle aged,284,4,579,317
529.jpg,535,400,Adult/Middle aged,247,6,389,177
152.jpg,312,400,Senior Citizen,59,54,227,294
194.jpg,325,400,Adult/Middle aged,65,54,224,305
200.jpg,600,337,Adult/Middle aged,146,12,402,320
110.jpg,267,400,Adult/Middle aged,57,7,215,252
002.jpg,533,400,Senior Citizen,10,2,487,368
503.jpg,400,400,Senior Citizen,157,36,259,204
498.jpg,557,400,Adult/Middle aged,149,45,236,159
403.jpg,333,400,Adult/Middle aged,83,9,170,114
095.jpg,600,338,Senior Citizen,187,3,530,307
395.jpg,210,400,Adult/Middle aged,18,8,153,192
348.jpg,400,400,Adult/Middle aged,89,12,300,336
584.jpg,600,323,Adult/Middle aged,141,6,472,307
380.jpg,600,338,Adult/Middle aged,204,22,401,247
337.jpg,267,400,Adult/Middle aged,92,58,166,160
207.jpg,600,400,Senior Citizen,232,141,466,336
636.jpg,521,400,Adult/Middle aged,213,4,342,178
305.jpg,320,400,Adult/Middle aged,147,15,202,77
251.jpg,600,325,Adult/Middle aged,204,18,399,241
441.jpg,317,400,Adult/Middle aged,64,35,243,288
460.jpg,536,400,Adult/Middle aged,264,30,418,184
209.jpg,404,400,Adult/Middle aged,136,5,279,153
310.jpg,600,328,Senior Citizen,247,54,371,186
231.jpg,265,400,Senior Citizen,65,19,147,107
384.jpg,533,400,Adult/Middle aged,27,14,280,386
384.jpg,533,400,Adult/Middle aged,292,19,529,394
071.jpg,265,400,Senior Citizen,53,34,228,284
632.jpg,267,400,Adult/Middle aged,79,35,158,138
572.jpg,533,400,Senior Citizen,176,11,362,248
093.jpg,564,400,Senior Citizen,241,92,435,344
074.jpg,474,400,Senior Citizen,162,16,375,264
247.jpg,225,400,Senior Citizen,111,20,225,272
128.jpg,517,400,Adult/Middle aged,245,8,416,275
315.jpg,320,400,Adult/Middle aged,53,85,269,329
612.jpg,600,399,Adult/Middle aged,132,18,564,366
055.jpg,382,400,Adult/Middle aged,23,6,289,381
199.jpg,350,400,Senior Citizen,81,35,321,336
566.jpg,564,400,Adult/Middle aged,380,88,469,164
137.jpg,320,400,Adult/Middle aged,50,11,251,279
098.jpg,267,400,Senior Citizen,56,31,243,302
538.jpg,300,400,Adult/Middle aged,45,13,226,206
450.jpg,267,400,Adult/Middle aged,25,67,152,249
436.jpg,600,387,Adult/Middle aged,103,15,191,119
436.jpg,600,387,Adult/Middle aged,393,17,474,134
343.jpg,267,400,Adult/Middle aged,15,14,223,252
369.jpg,270,400,Adult/Middle aged,87,11,174,131
117.jpg,539,400,Senior Citizen,181,41,368,231
094.jpg,296,400,Adult/Middle aged,70,16,208,188
350.jpg,600,338,Adult/Middle aged,236,4,342,79
419.jpg,210,400,Adult/Middle aged,7,14,205,268
619.jpg,600,400,Adult/Middle aged,219,28,324,176
076.jpg,330,400,Adult/Middle aged,49,14,320,346
406.jpg,600,338,Adult/Middle aged,149,5,417,310
068.jpg,354,400,Senior Citizen,78,49,289,371
462.jpg,557,400,Adult/Middle aged,292,14,395,175
294.jpg,600,397,Adult/Middle aged,65,11,332,288
627.jpg,309,400,Adult/Middle aged,69,10,204,190
295.jpg,599,400,Adult/Middle aged,46,2,369,302
432.jpg,329,400,Adult/Middle aged,86,32,262,294
003.jpg,425,400,Senior Citizen,93,38,361,350
372.jpg,311,400,Adult/Middle aged,94,19,256,206
439.jpg,320,400,Adult/Middle aged,91,36,247,231
256.jpg,320,400,Adult/Middle aged,74,47,203,238
307.jpg,543,400,Senior Citizen,296,49,392,166
264.jpg,286,400,Adult/Middle aged,89,20,181,146
351.jpg,272,400,Adult/Middle aged,103,5,182,91
478.jpg,600,400,Adult/Middle aged,299,72,476,237
606.jpg,597,400,Adult/Middle aged,107,11,314,285
606.jpg,597,400,Adult/Middle aged,407,20,587,307
548.jpg,600,399,Adult/Middle aged,208,66,400,266
282.jpg,600,354,Adult/Middle aged,227,18,381,222
323.jpg,600,338,Adult/Middle aged,319,107,364,168
411.jpg,600,400,Senior Citizen,149,32,263,136
396.jpg,197,400,Adult/Middle aged,27,18,165,221
049.jpg,254,400,Senior Citizen,17,22,236,319
357.jpg,315,400,Adult/Middle aged,87,3,212,169
586.jpg,600,400,Adult/Middle aged,319,39,446,224
393.jpg,266,400,Adult/Middle aged,74,17,191,174
268.jpg,533,400,Senior Citizen,101,31,315,251
505.jpg,578,400,Adult/Middle aged,360,35,493,192
410.jpg,363,400,Adult/Middle aged,100,12,286,279
375.jpg,340,400,Adult/Middle aged,68,15,291,317
523.jpg,400,400,Adult/Middle aged,188,87,235,146
149.jpg,261,400,Senior Citizen,68,34,184,180
169.jpg,538,400,Senior Citizen,16,28,261,301
169.jpg,538,400,Senior Citizen,296,33,514,309
223.jpg,300,400,Senior Citizen,78,29,211,162
265.jpg,400,400,Adult/Middle aged,58,43,325,388
613.jpg,533,400,Adult/Middle aged,166,28,398,340
541.jpg,294,400,Adult/Middle aged,35,41,261,336
115.jpg,373,400,Senior Citizen,90,21,250,251
600.jpg,533,400,Adult/Middle aged,73,19,190,183
600.jpg,533,400,Adult/Middle aged,314,15,486,186
279.jpg,600,397,Senior Citizen,420,47,581,262
084.jpg,292,400,Senior Citizen,57,31,273,340
609.jpg,400,400,Adult/Middle aged,137,25,198,123
358.jpg,317,400,Adult/Middle aged,72,24,258,314
181.jpg,545,400,Adult/Middle aged,264,14,434,219
322.jpg,280,400,Adult/Middle aged,49,17,222,254
484.jpg,286,400,Adult/Middle aged,58,24,225,311
387.jpg,266,400,Adult/Middle aged,101,16,148,104
032.jpg,400,400,Adult/Middle aged,98,77,309,349
398.jpg,600,400,Adult/Middle aged,54,20,246,289
398.jpg,600,400,Adult/Middle aged,326,15,562,310
499.jpg,309,400,Adult/Middle aged,49,25,260,320
254.jpg,548,400,Adult/Middle aged,185,25,374,259
477.jpg,594,400,Adult/Middle aged,98,168,159,239
477.jpg,594,400,Adult/Middle aged,300,52,469,269
296.jpg,600,400,Senior Citizen,311,30,391,143
325.jpg,450,400,Adult/Middle aged,184,21,320,228
413.jpg,266,400,Adult/Middle aged,125,33,159,94
121.jpg,417,400,Senior Citizen,83,20,395,362
483.jpg,500,400,Adult/Middle aged,67,8,319,293
514.jpg,600,338,Adult/Middle aged,184,12,393,208
201.jpg,599,400,Adult/Middle aged,292,28,436,220
522.jpg,267,400,Adult/Middle aged,113,80,194,178
367.jpg,320,400,Adult/Middle aged,124,7,243,207
473.jpg,600,318,Adult/Middle aged,142,1,184,62
473.jpg,600,318,Adult/Middle aged,413,10,477,72
107.jpg,347,400,Senior Citizen,140,25,211,82
339.jpg,267,400,Adult/Middle aged,111,23,166,110
